url,spotify_id
https://www.last.fm/music/Blood+Orange/_/Benzo,09byaVBbIvJWJHdZEl4Sin
https://www.last.fm/music/Beach+House/_/Lazuli,0E410Mgqt444AwSk1J6tfX
https://www.last.fm/music/Angel+Olsen/_/Shut+Up+Kiss+Me,2fUNygL5wJdWiLxjg8seyk
https://www.last.fm/music/Japanese+Breakfast/_/Head+Over+Heels,1QPWV0EWKa7GiKO7F7zcVs
https://www.last.fm/music/Cults/_/Always+Forever,2enPRFda84VE2wtI8c86Uf
https://www.last.fm/music/Beach+House/_/Lemon+Glow,3Fd7afY38ng56uHQJ1bbWr
https://www.last.fm/music/Perfume+Genius/_/Describe+-+Edit,4fbnNJO24BIkn4WxgEFid8
https://www.last.fm/music/Grouper/_/Clearing,3IL43TRkEnh4buGOZ1Brb5
https://www.last.fm/music/Angel+Olsen/_/Never+Be+Mine,4ZgRu1DdjHZXrqwKA1YlSr
https://www.last.fm/music/Warpaint/_/Whiteout,41D0xpS9ClHkBirerj8Dqs
https://www.last.fm/music/Beach+House/_/Master+of+None,005qPpqZ4PYk9JTh2EijJr
https://www.last.fm/music/Grizzly+Bear/_/Losing+All+Sense,2ZRvcRcKdwQBjTAqj2XNJN
https://www.last.fm/music/Sharon+Van+Etten/_/You+Shadow,256plQKyyKZW8D6T02xfVb
https://www.last.fm/music/Perfume+Genius/_/Just+Like+Love+(Jam+City+Remix),4h8TzshCRWhcTQd582ghSo
https://www.last.fm/music/Beach+House/_/Woo,6kvJuHxn3BrRhFxLrBEt8c
https://www.last.fm/music/Deerhunter/_/He+Would+Have+Laughed,6crxuRr91dzATVr7G4phuS
https://www.last.fm/music/Jay+Som/_/Baybee,5280Me7PZs7P2UPVfcSOEq
https://www.last.fm/music/Broadcast/_/Come+on+Let%27s+Go,1L3Terd7RGufIO8mlSRijx
https://www.last.fm/music/Broken+Social+Scene/_/Anthems+for+a+Seventeen+Year-Old+Girl,0pjqB2r8MZmoADC0Ca80B5
https://www.last.fm/music/Angel+Olsen/_/Spring,0jTPjP9WuUcNMhgfwdK9np
https://www.last.fm/music/Beach+House/_/PPP,NA
https://www.last.fm/music/Father+John+Misty/_/Nancy+From+Now+On,0DG8F8pnsi29OQZPwOq7Zc
https://www.last.fm/music/Alvvays/_/Not+My+Baby,27bBjan9bD8rUESGYqK9a7
https://www.last.fm/music/John+Maus/_/Hey+Moon,27qxvq1qytomeaj6cO8FIZ
https://www.last.fm/music/Angel+Olsen/_/New+Love+Cassette,4SsWVvNKAHJP1T2bP6d2ut
https://www.last.fm/music/Beach+House/_/Take+Care,0Kg9d963oXXIal8LcE9wTi
https://www.last.fm/music/Warpaint/_/Ashes+to+Ashes,0DM5IVX5ySeZbYi3KnsdrZ
https://www.last.fm/music/Blood+Orange/_/Charcoal+Baby,3bBmpVl9rQKJsFFGLFilIS
https://www.last.fm/music/Sharon+Van+Etten/_/Jupiter+4,64BirkPW9F4XgzoLAiOBCP
https://www.last.fm/music/Japanese+Breakfast/_/Boyish,0De8H4o9xzPtjRp9dns0L5
https://www.last.fm/music/Beach+House/_/Space+Song,NA
https://www.last.fm/music/Alvvays/_/Forget+About+Life,2AKxyj92KA6nOtmmQIpF84
https://www.last.fm/music/Perfume+Genius/_/Run+Me+Through+(King+Princess+Remix),4uRZE8Xha4k7Acfkb0o8Th
https://www.last.fm/music/Japanese+Breakfast/_/Essentially,2OZXdq8Z8pyvGWDnzhHFEX
https://www.last.fm/music/Beach+House/_/Black+Car,1f9lfNIGc2Kd0bylXc7qEa
https://www.last.fm/music/Jay+Som/_/The+Bus+Song,1gerxe3yiKQKHfdRt6TigE
https://www.last.fm/music/Sophie/_/It%27s+Okay+to+Cry,6alyjZsu8ILucIeRIB63mj
https://www.last.fm/music/Tirzah/_/Holding+On,4RjwMyr4D2W4py79Heop9l
https://www.last.fm/music/Cherry+Glazerr/_/Daddi,2e8C8IP26QEhzX00o4UxS4
https://www.last.fm/music/Japanese+Breakfast/_/Diving+Woman,2s8ofs8CeRdQyHKk0ORnWD
https://www.last.fm/music/Pixies/_/Gigantic,2bjamW62zri0xyZYZIwZPF
https://www.last.fm/music/Soccer+Mommy/_/Last+Girl,36EPiGjD3gbFllepV67Wet
https://www.last.fm/music/Chastity+Belt/_/Effort,1u8NNrKowlkFhNkrXz0shq
https://www.last.fm/music/Soccer+Mommy/_/I%27m+on+Fire,6EdnX4fu6jAY65VmOHFhOk
https://www.last.fm/music/EMA/_/California,0yWx5IEOF2TbE7HuB8Oypj
https://www.last.fm/music/Mitski/_/Thursday+Girl,3i8N6pqmAAPPxW7RMgT400
https://www.last.fm/music/Best+Coast/_/Bratty+B,0MOTwtTPJpiQR8IR9424Ro
https://www.last.fm/music/Soccer+Mommy/_/Cool,0ZHQmRS4FLNJWnPVS9tWHZ
https://www.last.fm/music/Mitski/_/Once+More+To+See+You,4NUzTA6zllnTaZRidrd9NI
https://www.last.fm/music/Mitski/_/Fireworks,5ZGaGCHi0YrSvsjj6QwETb
https://www.last.fm/music/Waxahatchee/_/Breathless,16bBefvjVKusQj2J7YGOra
https://www.last.fm/music/Lucy+Dacus/_/The+Shell,5MyZN28ibso7C4Hy5h79j9
https://www.last.fm/music/Soccer+Mommy/_/Interlude,54sxXReK1qKDDjdrKRsUa9
https://www.last.fm/music/Julien+Baker/_/Me+&+My+Dog,NA
https://www.last.fm/music/Japanese+Breakfast/_/Road+Head,6cdAs0byLnsoPHTWuqx149
https://www.last.fm/music/FKA+twigs/_/Cellophane,2cYALQZNXmuFGp2ecgpKMa
https://www.last.fm/music/FKA+twigs/_/Sad+Day,4KfgBq7SrmjavjQS4ZQGHC
https://www.last.fm/music/Chastity+Belt/_/Different+Now,3FRXQfVBPe9UGyS12p3bx7
https://www.last.fm/music/Tei+Shi/_/Bassically,0qN45q79wyWOM6arTjjPZh
https://www.last.fm/music/Snail+Mail/_/Thinning,7h9Bx7Y0NuP71mMI4FLqlA
https://www.last.fm/music/Phoebe+Bridgers/_/Motion+Sickness,4jKuJqfWmoMEfY2bk5gOeW
https://www.last.fm/music/Sophie/_/Ponyboy,1dgtcmgXWtIsJb5IU90XMU
https://www.last.fm/music/Lucy+Dacus/_/I+Don%27t+Wanna+Be+Funny+Anymore,0kwBATkVUAG7JRMEosNUUs
https://www.last.fm/music/Mitski/_/First+Love+%2F+Late+Spring,1Ac5BDsGUMQ3tsW2vnc52x
https://www.last.fm/music/Mitski/_/Happy,4gklLwfCAKbm5mqheWWsSt
https://www.last.fm/music/Soccer+Mommy/_/Skin,0wlIm3kjeBOySPapdNuBrM
https://www.last.fm/music/Mitski/_/Washing+Machine+Heart,4Ys8jQvZOISzmp34BsImRf
https://www.last.fm/music/Mitski/_/Nobody,52yC8pZMs3XELEqAp1BpHp
https://www.last.fm/music/Hop+Along/_/How+Simple,25TEJRIxhKm5XEBCVUpe6r
https://www.last.fm/music/Waxahatchee/_/Half+Moon,0QwLrvIRFRBrzKd7rN9Xzo
https://www.last.fm/music/Big+Thief/_/Real+Love,2LfOLw9Cq3J7okmaNuoUWq
https://www.last.fm/music/Courtney+Barnett/_/Need+a+Little+Time,38O0SN9P3sC0UFLsgLqLju
https://www.last.fm/music/Mitski/_/A+Pearl,3udrjWCXCBotzU2uQ05Zmx
https://www.last.fm/music/Mitski/_/Your+Best+American+Girl,172rW45GEnGoJUuWfm1drt
https://www.last.fm/music/Snail+Mail/_/Heat+Wave,3twm1m2HtONUDBkUE4iPju
https://www.last.fm/music/Mitski/_/Geyser,6llIaMotP9Yr8ozgPl8hwl
https://www.last.fm/music/Best+Coast/_/Honey,0nNWrrmfsB3OJHxKdAbLE7
https://www.last.fm/music/Lucy+Dacus/_/Night+Shift,2AF5Kzxb4pz7j79Ity84pP
https://www.last.fm/music/Janelle+Mon%C3%A1e/_/Americans,5KE6acpiakjqiIskbWVfxB
https://www.last.fm/music/Kyunchi/_/Beauty+Guru+Fantasy,1lE1ES8A4g8tPhxLOhUTEh
https://www.last.fm/music/Bree+Runway/_/Big+Racks+(feat.+Brooke+Candy),NA
https://www.last.fm/music/Poppy/_/Play+Destroy,NA
https://www.last.fm/music/Five+Star+Hotel/_/For+a+Moment,3DU1G3nyYZe0sTzxx7pjD7
https://www.last.fm/music/100+gecs/_/ringtone,NA
https://www.last.fm/music/Grimes/_/So+Heavy+I+Fell+Through+the+Earth+-+Art+Mix,NA
https://www.last.fm/music/Rina+Sawayama/_/Cyber+Stockholm+Syndrome,6r57n5VB7N2nv9g5W3den3
https://www.last.fm/music/Easyfun/_/Be+Your+USA,NA
https://www.last.fm/music/TNGHT/_/Higher+Ground,0Js9hB2I66nJliPIJxzn2R
https://www.last.fm/music/AH-MER-AH-SU/_/Kids,0uJPrP2J7q3aTQ6AqzJ4VA
https://www.last.fm/music/Kim+Petras/_/%3Cdemons%3E,320sPGlpLbQP6iBO8B9dJJ
https://www.last.fm/music/Julia+Jacklin/_/Don%27t+Know+How+To+Keep+Loving+You,3bt6gBOA41MHQfXy0Jf855
https://www.last.fm/music/Little+Dragon/_/Hold+On,0tuYBZJkSg0O647kqCFXQ2
https://www.last.fm/music/Allie+X/_/Love+Me+Wrong,59uEiooaCUECb1fMmo6Sr9
https://www.last.fm/music/Sophie/_/INFATUATION+(TWILIGHT+ZONE),5y6C2vrDOLoORrMQs3daiA
https://www.last.fm/music/Grimes/_/We+Appreciate+Power,08ZCgkLKpcgrcSPCHN2v8J
https://www.last.fm/music/Cobrah/_/IDFKA,NA
https://www.last.fm/music/bAnoffee/_/With+Her,NA
https://www.last.fm/music/Sophie/_/Push+Emission+(Whore+Moans),4udD61vcIt9JGN4Hi3QwkP
https://www.last.fm/music/Grimes/_/Easily,7d3cx47aWj0XbW7mLXXT9u
https://www.last.fm/music/FKA+twigs/_/Holy+Terrain,0ND36delZlYUcwNaCk9Uf5
https://www.last.fm/music/KAI+WHISTON/_/Your+Secrets,0PTqFgv4jVmcf6v6jnzEc3
https://www.last.fm/music/Alice+Glass/_/Forgiveness,3WSJdIwhORCuyGNinGfAdm
https://www.last.fm/music/Sophie/_/Immaterial,02Mkz55cCAHabqlxwSP6X0
https://www.last.fm/music/Devi+McCallion/_/It%27s+a+Beautiful+World,NA
https://www.last.fm/music/Hayley+Williams/_/Cinnamon,4yn2FLKCyXU4TMUXc7vdrD
https://www.last.fm/music/Grimes/_/Violence+-+Club+Mix,NA
https://www.last.fm/music/Charli+XCX/_/Gone+-+Clarence+Clarity+Remix,4Bpv7hDAV2NBdRC7fWCyp2
https://www.last.fm/music/FKA+twigs/_/Two+Weeks,08qitDXAw19kgFtZQRpYRY
https://www.last.fm/music/Rina+Sawayama/_/Xs,7098jjEGYUNQyhYfDioLTe
https://www.last.fm/music/Allie+X/_/Casanova,18L5VERD6h5q6PVjQAVVa2
https://www.last.fm/music/The+Garden/_/Banana+Peel,0D9QRM4ReHHMth2wjBOC37
https://www.last.fm/music/AH-MER-AH-SU/_/On,NA
https://www.last.fm/music/Coco+&+Clair+Clair/_/Pretty,NA
https://www.last.fm/music/Grimes/_/Nightmusic,2GiaS2dG27cXDalKGNEibv
https://www.last.fm/music/Dua+Lipa/_/Boys+Will+Be+Boys,0vQcyuMEfRBd21ojZ62N2L
https://www.last.fm/music/Kim+Petras/_/Reminds+Me,4KNlASXNNrYYmNZj4KG8qX
https://www.last.fm/music/Sophie/_/Whole+New+World%2FPretend+World,3xPpIllY8zif6zWvOwxB9k
https://www.last.fm/music/Fresh+Hex/_/I%27m+Gone,1bG2vVkY3TzPgeVqKX2rzn
https://www.last.fm/music/Grimes/_/Before+the+Fever,0GXzq9r87Z1XUWxOGg9Zpk
https://www.last.fm/music/Radiohead/_/Bloom,05zPHe7PYxxdAstKSZix0f
https://www.last.fm/music/deb+never/_/Out+of+Time,72DItfgQEMECHeisTdnb72
https://www.last.fm/music/Helena+Deland/_/Claudion,3GuBnUAdUWdATkh5KzG8pq
https://www.last.fm/music/Perfume+Genius/_/Queen,1Bv5QgYrsaHLrmzjevJiU3
https://www.last.fm/music/Waxahatchee/_/Hell,2VgNfg6Z6WvEQSrM7l32Lu
https://www.last.fm/music/Radiohead/_/Nude,5k7VKj1Xwy5DjO4B0PdAOb
https://www.last.fm/music/Ian+Isiah/_/Killup,2gHLpE0HvPvykamzkdIsyP
https://www.last.fm/music/Barrie/_/Tal+Uno,1SMy8nZiTlkVY3tj3usPPc
https://www.last.fm/music/Princess+Nokia/_/Versace+Hottie,6FmCiOJMEmx6dbmFyHJ2p0
https://www.last.fm/music/St.+Vincent/_/New+York,5IXTT9RvcVupmzLTFqIInj
https://www.last.fm/music/Jessy+Lanza/_/VV+Violence,0D56TsL4fA2Kmdbx5wEZU2
https://www.last.fm/music/JMSN/_/TALK+IS+CHEAP,1p1iq2npedwN1k112m7UPf
https://www.last.fm/music/Radiohead/_/Glass+Eyes,0eZN5WsQfmNFICHuw59Zfz
https://www.last.fm/music/Soccer+Mommy/_/Still+Clean,3z34424BttGlU2lTT3CneM
https://www.last.fm/music/Odd+Nosdam/_/Fly+Mode,1iRMgyJzpYtr435Wv0U5dd
https://www.last.fm/music/Pllush/_/Big+Train,2hpEnu9jggBKAhTZ4AFXxU
https://www.last.fm/music/Tame+Impala/_/The+Bold+Arrow+of+Time,16LH8Ex2kKZDxdv7lfW5Mr
https://www.last.fm/music/Waxahatchee/_/Under+A+Rock,2J42drQGMeBF4m2T17liO7
https://www.last.fm/music/Cross+Record/_/Steady+Waves,53H0Xxf7BhAmbSprGkJL5m
https://www.last.fm/music/Mura+Masa/_/Today+(with+Tirzah),7vqbA9MfCnSFMTT0cikF8b
https://www.last.fm/music/SASSY+009/_/Lara+(feat.+Clairo),NA
"https://www.last.fm/music/The+National/_/Driver,+Surprise+Me",1O8xsmRwSYgdk4sNVyUUjJ
https://www.last.fm/music/Weyes+Blood/_/Titanic+Rising,NA
https://www.last.fm/music/Radiohead/_/15+Step,6dsq7Nt5mIFzvm5kIYNORy
https://www.last.fm/music/ShyGirl/_/MSRY,4MCONl1OnClOpsJP429zg1
https://www.last.fm/music/Soccer+Mommy/_/yellow+is+the+color+of+her+eyes,4D3nttJPU6L0M2epr7sId6
https://www.last.fm/music/Tame+Impala/_/Sun%27s+Coming+Up,1UubOM3vs8yoGANoFKxkFZ
"https://www.last.fm/music/The+Teeth/_/Oh,+Bessy!",05JkkJEdzfnzd9Z4ZRJN3Q
https://www.last.fm/music/EERA/_/Christine,52wE002pRWiZihE4ZBGAuT
https://www.last.fm/music/bbymutha/_/Sleeping+With+The+Enemy,NA
https://www.last.fm/music/Waxahatchee/_/Bonfire,2mttGnW5fhoN7BzfD3fx99
https://www.last.fm/music/Hop+Along/_/The+Knock,0haftllew0td7WnjcuANTP
https://www.last.fm/music/Radiohead/_/Reckoner,0rvRs0ggyGWRp7ygw7Zi0S
https://www.last.fm/music/Big+Thief/_/Little+Arrow,0CM2NVFFXFKGZL296uv9XG
https://www.last.fm/music/Black+Belt+Eagle+Scout/_/Soft+Stud,2i1jIsRpjjzaV85v1fS4Hu
https://www.last.fm/music/Mitski/_/A+Loving+Feeling,7rWGO6nfsDwHTqYrHP9eSh
https://www.last.fm/music/Illuminati+Hotties/_/(You%27re+Better)+Than+Ever,4oZbuLXzaXBHKLrMJQq3Ie
https://www.last.fm/music/Odetta+Hartman/_/You+You,4MncnEra6FcmhU7nnsZiFB
https://www.last.fm/music/Foxygen/_/No+Destruction,0cv02M1gmv84aBmyQmAfXr
https://www.last.fm/music/Thao+&+The+Get+Down+Stay+Down/_/The+Evening,0GYqX2Xo4lLwgegpAXd7rv
https://www.last.fm/music/Tune-Yards/_/Riotriot,1a1UeCjA6R2dBBXyUhG0BH
https://www.last.fm/music/Waxahatchee/_/Fire,1iLZuCax38xsKPSyGdfIHb
https://www.last.fm/music/Radiohead/_/Codex,172TCtYnKdqRFPGjeGFzgc
https://www.last.fm/music/Andy+Shauf/_/Wendell+Walker,1ANAABHiQWPtFPVw1peNTJ
https://www.last.fm/music/Woods/_/Bend+Beyond,4ZYbVlrEm8zGGcubSHeNWO
https://www.last.fm/music/Mitski/_/I+Bet+on+Losing+Dogs,3uS7pHvPRtJlyukzNZGpcO
https://www.last.fm/music/Animal+Collective/_/Bat+You%27ll+Fly,0AwoE93lh4L5TehcicgDCX
https://www.last.fm/music/Tune-Yards/_/Heart+Attack,0LKjWSiynTWaWVxGgxCqRQ
https://www.last.fm/music/Radiohead/_/Little+by+Little,4tCwsdqqG4jASHhbsMHCx0
https://www.last.fm/music/Broken+Social+Scene/_/Almost+Crimes+-+Radio+Kills+Remix,NA
https://www.last.fm/music/Mitski/_/Crack+Baby,3bNNk3657B2DoKewtTqYj3
https://www.last.fm/music/My+Morning+Jacket/_/Weeks+Go+By+Like+Days,1BcgcDrnMivthgs2r1gIAF
https://www.last.fm/music/Smith+Westerns/_/End+Of+The+Night,0z1SEAfjrDwT6Btw5GRED4
https://www.last.fm/music/U.S.+Girls/_/Rosebud,08pqv34MG9BrWp177NWsCb
https://www.last.fm/music/Radiohead/_/Give+Up+the+Ghost,4OrGm3fBdhlXuHtRBoLUMW
https://www.last.fm/music/Caroline+Polachek/_/Door,5YIVVzQcJG7pFhyNo0Ytlh
https://www.last.fm/music/Dorian+Electra/_/Career+Boy,3GpFE1SwshhLxRTbGh7stN
https://www.last.fm/music/Tommy+Genesis/_/Miami,4fkRiuq5jzUS74o573v00n
https://www.last.fm/music/L%C3%A5psley/_/Burn,NA
https://www.last.fm/music/Kari+Faux/_/Color+Theory,3CPc0gyGl2iJGQJpnsmYxs
https://www.last.fm/music/Uffie/_/Mine,NA
https://www.last.fm/music/FKA+twigs/_/Fallen+Alien,2CWfGoCnzTG5wbXn5kJRSI
https://www.last.fm/music/Grimes/_/Sardaukar+Levenbrech,095ZQYDDcEW3gHBE5rg4LE
https://www.last.fm/music/LIZ/_/When+I+Rule+the+World,NA
https://www.last.fm/music/Charli+XCX/_/Thoughts,7A32ilnCkeWlDNM0xsBUfw
https://www.last.fm/music/Sophie/_/Whole+New+World+-+Big+Kiss+Remix,0fChtJb4MfnUPQIiEnf31x
https://www.last.fm/music/Kero+Kero+Bonito/_/When+the+Fires+Come,NA
"https://www.last.fm/music/AH-MER-AH-SU/_/Need+You,+Need+Me",6gFix1UMaQKZmm6t0r9y4d
https://www.last.fm/music/Young+Galaxy/_/Pretty+Boy+(Peaking+Lights+Remix),1Krbf9vb5ajEEL5zzye4aL
https://www.last.fm/music/Anamanaguchi/_/Lorem+Ipsum+(Arctic+Anthem),NA
https://www.last.fm/music/James+Blake/_/Assume+Form,7ce0vNBSiPNpGvGJ4sot4H
https://www.last.fm/music/Grimes/_/Darkseid,NA
https://www.last.fm/music/bbymutha/_/Spooky+Mutha+Mansion,NA
https://www.last.fm/music/Alice+Longyu+Gao/_/Karma+Is+a+Witch,NA
https://www.last.fm/music/100+gecs/_/800+db+cloud,NA
https://www.last.fm/music/King+Princess/_/Best+Friend,6UEPmpjaRjJnHXH3JMOOoe
https://www.last.fm/music/The+Pom-Poms/_/FULL+CIRCLE,0OGr9iGKmjvaxGMg551xsm
https://www.last.fm/music/FKA+twigs/_/Home+with+You,1lofsKXY29reyN9j0doHFF
https://www.last.fm/music/Guerilla+Toss/_/Can+I+Get+the+Real+Stuff,4rrBfclc6HBM3yrWBn8kM1
https://www.last.fm/music/Black+Dresses/_/GO+INSIDE,48L0WVvSt0pnb2Gqr2ut2k
https://www.last.fm/music/Grimes/_/Violence+-+Original+Mix,NA
https://www.last.fm/music/Sophie/_/Faceshopping+-+Money+Mix,NA
"https://www.last.fm/music/Janelle+Mon%C3%A1e/_/Crazy,+Classic,+Life",06EAtSDu3KSoi4fbA3ZjoB
https://www.last.fm/music/twst/_/sad+girls+club+but+u+gotta+be+cute+-+AmPm+x+FUNTYME+Remix,NA
https://www.last.fm/music/Sophie/_/Pretending,3pBa0u28zQECDOprEdiB9a
https://www.last.fm/music/Grimes/_/World+Princess+Part+II,4tjMjfL8cmYOIRRMFGZ8g7
https://www.last.fm/music/Rina+Sawayama/_/Comme+des+Gar%C3%A7ons+(Like+the+Boys),2kVACL2fimdI8islM87qyU
https://www.last.fm/music/Broox/_/Low+Key,283uYoMGdTrOoVjnTiRu7t
https://www.last.fm/music/CupcakKe/_/Lawd+Jesus,7x2Mz1mTUwyXUsqiLE2PHQ
https://www.last.fm/music/Lan+Party/_/The+Reason+I%27m+Calling,1ANbKSL2bLLqq4eBtn1SQ0
https://www.last.fm/music/Hannah+Diamond/_/Hi,NA
https://www.last.fm/music/Kero+Kero+Bonito/_/Only+Acting,2D6o0igW2N8QotrQeYneIu
https://www.last.fm/music/Grimes/_/Pin,4EbkpSxyWfJcpqzO2MzPz7
https://www.last.fm/music/King+Princess/_/Holy,7FVGIPgLMDChTffvG2LuHV
https://www.last.fm/music/Mykki+Blanco/_/Lucky+(Live+in+London),NA
https://www.last.fm/music/AH-MER-AH-SU/_/Meg+Ryan+(Orchestral+Version),NA
https://www.last.fm/music/100+gecs/_/745+sticky+-+Injury+Reserve+Remix,1Y8Qv2r0d9kbRc1fGio2Gv
https://www.last.fm/music/Grimes/_/Vanessa,3oEfTWdx9X8H9kT9YZdCPu
https://www.last.fm/music/Grimes/_/Devon,0GrRb2wxM0LVzdG3WRfYxM
https://www.last.fm/music/Hannah+Diamond/_/Fade+Away,5w6wMKwRH8OUCHap7OqyD6
https://www.last.fm/music/Danny+L+Harle/_/Me4U+-+A.+G.+Cook+Remix,NA
https://www.last.fm/music/Kelela/_/LMK_WHAT%E2%80%99S+REALLY+GOOD+REMIX_+FEAT_PRINCESS+NOKIA_JUNGLEPUSSY_CUPCAKKE_MS.+BOOGIE_100+BPM,NA
https://www.last.fm/music/Vze/_/P.M.S,NA
https://www.last.fm/music/AH-MER-AH-SU/_/Powerful,3YJmkvjQrEW4mdnCnKwIBn
https://www.last.fm/music/Janelle+Mon%C3%A1e/_/Make+Me+Feel,09cbVzEkJN4tMVg3GnolJF
https://www.last.fm/music/Grimes/_/Venus+Fly,NA
https://www.last.fm/music/Sophie/_/Not+Okay,3X0l3aPyUdBCR4hxKjipio
https://www.last.fm/music/FKA+twigs/_/Mary+Magdalene,7Ej5VWvFlzGRvstFG3i6Yc
https://www.last.fm/music/Grandma/_/Stomp+and+Grind+(feat.+Rico+Nasty)+-+partywithray+Remix,NA
https://www.last.fm/music/Janelle+Mon%C3%A1e/_/Django+Jane,1tAoLzNNXRabfHHzSqdk3R
https://www.last.fm/music/AH-MER-AH-SU/_/Be+Free,NA
https://www.last.fm/music/Grimes/_/New+Gods,05gxfnUV4auQyym1VIcVE0
https://www.last.fm/music/Janelle+Mon%C3%A1e/_/So+Afraid,66jMYG0wj6m6oj8LKvteEn
https://www.last.fm/music/AH-MER-AH-SU/_/Perfect,1ly8fjnePKIZnzFVqLI5Vl
https://www.last.fm/music/Dorian+Electra/_/Man+to+Man,2unlyS6p9COQGqilxoRIwu
https://www.last.fm/music/Hannah+Diamond/_/Invisible,2aMVsuCj2GuOkReprWGbdL
https://www.last.fm/music/BANKS/_/Stroke,01a0H5HPeCMOktdRMygi3t
https://www.last.fm/music/pinkcaravan!/_/missy+elliott,0AFRyQAa7QhG3WH03PmBNB
https://www.last.fm/music/Sophie/_/Infatuation+-+Lichtbogen+Dreamin%27+Remix,0XTd4SkaeseGDxfBiLnZEE
https://www.last.fm/music/Grimes/_/Realiti+(Demo),1Haq3FvPaTsR07ti9hmmd6
https://www.last.fm/music/Purity+Ring/_/Ungirthed,18fPgFTi6W39KOxgEO9V6K
https://www.last.fm/music/Janelle+Mon%C3%A1e/_/Pynk+(feat.+Grimes),5nASGGi1QarKyMmGg2fhaB
https://www.last.fm/music/AH-MER-AH-SU/_/Klonopin,3QmISCQ98mSWkq78EdJnMK
https://www.last.fm/music/Sophie/_/PONY+WHIP,NA
https://www.last.fm/music/Grimes/_/Be+a+Body+(%E4%BE%98%E5%AF%82),1DBoo9WBxRBW4s72cCkqEo
https://www.last.fm/music/Clipse/_/The+Funeral,NA
https://www.last.fm/music/Washed+Out/_/Too+Late,NA
https://www.last.fm/music/Angel+Olsen/_/All+Mirrors+(Johnny+Jewel+remix),NA
https://www.last.fm/music/Caribou/_/Never+Come+Back+-+Morgan+Geist+Remix,NA
https://www.last.fm/music/Local+Natives/_/Megaton+Mile+-+Weval+Remix,NA
https://www.last.fm/music/R.A.+the+Rugged+Man/_/Dragon+Fire,NA
